{
  "1": 10.05010982354482,
  "2": 12.344055732091268,
  "3": 14.011640548706055,
  "4": 15.219416856765747,
  "5": 18.85215707619985,
  "6": 23.760745684305828
}